mode	query	trial	version	milliseconds	rows
apt	^jq$	1	old	277.698	1
apt	^jq$	1	new	144.917	1
apt	^jq$	2	new	148.337	1
apt	^jq$	2	old	283.903	1
apt	^jq$	3	old	286.503	1
apt	^jq$	3	new	145.263	1
apt	^jq$	4	new	141.369	1
apt	^jq$	4	old	277.344	1
apt	^jq$	5	old	283.381	1
apt	^jq$	5	new	145.985	1
apt	nmap	1	old	1583.992	39
apt	nmap	1	new	322.048	39
apt	nmap	2	new	378.759	39
apt	nmap	2	old	1631.714	39
apt	nmap	3	old	1600.899	39
apt	nmap	3	new	323.568	39
apt	nmap	4	new	329.737	39
apt	nmap	4	old	1632.132	39
apt	nmap	5	old	1614.281	39
apt	nmap	5	new	329.752	39
apt	^git(-|$)	1	old	2289.309	72
apt	^git(-|$)	1	new	189.412	72
apt	^git(-|$)	2	new	180.490	72
apt	^git(-|$)	2	old	2273.027	72
apt	^git(-|$)	3	old	2280.136	72
apt	^git(-|$)	3	new	182.984	72
apt	^git(-|$)	4	new	185.941	72
apt	^git(-|$)	4	old	2287.418	72
apt	^git(-|$)	5	old	2293.267	72
apt	^git(-|$)	5	new	187.710	72
apt	browser	1	old	18580.685	110
apt	browser	1	new	784.042	110
apt	browser	2	new	780.700	110
apt	browser	2	old	18581.702	110
apt	browser	3	old	18685.820	110
apt	browser	3	new	775.406	110
apt	browser	4	new	767.329	110
apt	browser	4	old	18918.029	110
apt	browser	5	old	18376.692	110
apt	browser	5	new	775.584	110
apt	dotfiles-benchmark-no-match-8ec051	1	old	511.144	0
apt	dotfiles-benchmark-no-match-8ec051	1	new	265.654	0
apt	dotfiles-benchmark-no-match-8ec051	2	new	268.451	0
apt	dotfiles-benchmark-no-match-8ec051	2	old	518.714	0
apt	dotfiles-benchmark-no-match-8ec051	3	old	523.968	0
apt	dotfiles-benchmark-no-match-8ec051	3	new	251.941	0
apt	dotfiles-benchmark-no-match-8ec051	4	new	264.764	0
apt	dotfiles-benchmark-no-match-8ec051	4	old	494.136	0
apt	dotfiles-benchmark-no-match-8ec051	5	old	498.399	0
apt	dotfiles-benchmark-no-match-8ec051	5	new	255.920	0
full	nmap	1	old	2484.010	41
full	nmap	1	new	1218.278	41
full	nmap	2	new	1227.188	41
full	nmap	2	old	2554.414	41
full	nmap	3	old	2496.685	41
full	nmap	3	new	1174.599	41
full	nmap	4	new	1194.234	41
full	nmap	4	old	2501.317	41
full	nmap	5	old	2506.136	41
full	nmap	5	new	1219.912	41
